-460.5263519767442,115.44232577906976,37.31944104069766,10.91084162627907,15.59630685232557,15.269172469186048,6.639571432093022,-3.186692286639534,-4.54138834888372,-1.8828471823255815,-4.738600414186046,-7.058296220000003,-5.506957830813952,-3.812183783255817,-1.2051064712558144,0.6903102889534886,1.5814814013953489,5.034659347906978,6.699408169767439,2.3309012658139534
-391.6918100000001,166.86734720930232,26.956374924418608,3.222004965093022,25.98856519767442,13.604203263139537,-0.032636249186046955,1.7452130298604651,-0.3633771247906976,-1.878160597093024,0.0863462766744186,-2.478571975465115,-4.611627948813953,-1.528165596860465,-0.6472153099883724,-4.341147932244186,-2.7278030540697666,6.6235293569767455,9.830697115697676,2.245255895627908
-345.80356499999994,184.0432710465116,2.7944501784883733,4.986312002860466,31.5795538604651,2.7882112230000007,-4.694645527034883,-4.3875878197674405,-11.00241070732558,-3.465014905697676,-2.5518107867441846,-8.535686611162784,-3.1816804923372084,0.8329600175046517,-2.2183568614883713,-6.066500915790697,-7.629614979767439,-0.9540652827558135,5.534300814069767,1.2178177159302324
-336.7153629069768,194.18650767441858,6.494903787209302,-1.9467395487209314,20.001111320930228,4.249170452372101,8.885285297093024,5.108855148953487,-9.62759402581395,-4.532848581302327,-1.8668160317441855,-6.223029628472092,0.4914647593255815,6.60483512627907,1.9832440794186053,-2.85837227244186,-3.716275735337209,-5.373483011034885,-2.403229193837209,7.52938587360465
-339.74067872093036,163.3281246511628,-22.832786626825577,3.2106269490697685,14.518637167441865,-11.39518696418604,-6.848337733488373,-16.780103650813956,-20.60692074348836,-10.987138075465113,-11.799744937674422,-13.785574873139531,-11.022478815813953,-6.525612517558139,-7.950872547674421,-10.314239280232556,-10.169937456162785,-12.160583763720926,-4.917803995232555,6.884298822558142
-317.9657423255813,187.06352011627905,-19.30608231722093,7.08358626325581,31.86313791046511,-3.450399548488373,6.612734573534884,4.013469739186045,-14.766346021976746,0.4181577644767433,6.055673997209301,-5.622309671744186,-4.901526028906976,-6.757823181356978,-11.370472685930233,-4.20083823027907,2.1093389015116277,0.6074958875581399,6.411806732906977,18.908617177906976
-325.74719604651165,168.48408209302323,-35.45135815537358,-7.030913793139533,8.151284617790699,-14.957326010465115,-1.597599919534884,-14.729578054186048,-23.522485380465113,-5.416792531395348,-4.5092425059302315,-12.213732516395346,-13.475750667093024,-13.347809262790703,-15.420470214534882,-15.743919423372095,-9.605068220441858,-4.063209273872095,7.459424022046511,24.116774386046515
-318.3433775581395,196.0481843023255,-8.461514834069767,7.666455979302327,37.42883601162792,1.4353659766279094,0.12248971386046545,6.077830754767442,-3.332975689418605,3.414698164476747,5.3544950622093035,-6.2410533573255815,-7.258538925465118,-4.3991581931395345,-8.539729014302326,-6.4276182022093025,1.0808632594186058,0.259139722906977,1.5113735689534884,12.854734584174416
-343.419078255814,168.3486203488372,-22.821222997674415,-0.6982295037441846,25.659499012790697,-16.761180372325583,-18.78031744069767,-9.769673460348839,-19.348540407325583,-14.590526017732557,-10.524148485348842,-15.3330116983721,-13.094567133720922,-13.49603352744186,-18.128808108139523,-12.102122632558139,-6.075687075813954,-13.410242037209294,-13.399277978488378,3.8671719717441877
-331.7048444186047,180.76796976744188,-15.764592004651162,3.0990617688372093,30.961115633720922,-4.118090657325582,-7.346008564534885,-3.583728144418604,-10.128919916511629,-1.95272305377907,2.697528778081396,-5.4822585366453485,-9.326353769883722,-8.753020358139533,-11.623960571162787,-8.293571875348833,1.0416839391860453,2.1516247957674413,6.213131716279069,17.979859956976743
-321.1120494186047,173.27253081395355,-37.18136719186046,-7.673298017790698,14.645185584418607,-13.465999362084887,-2.4936998088372095,-10.909265176395348,-22.43835185813953,-4.653034934534881,-0.5811694946511615,-9.805073719651164,-10.913829828488371,-10.140700818837207,-14.254462394186048,-18.179069920930225,-16.395789193023255,-10.349804061279071,1.7134687643023259,16.418463266279073
-329.55333127906977,189.3937039534883,-5.571032299418604,6.9754145267441885,33.56616287209305,-0.7015834554651166,-1.873770835186043,1.800565715348837,-8.642279676395352,2.078045642906977,7.898075588197674,-5.497078616093023,-6.914477830930231,-1.5937259977674414,-6.019609944883722,-5.408746528906976,-0.459979703895349,-3.232860183523256,-1.1101730622093025,8.926933644534888
-343.3250308139535,176.7162091860465,-9.755424204670929,-2.75064374360465,19.676944882558146,-2.666326180348837,-0.9571399501976742,-8.234747798488371,-20.740748245348843,-11.319101338953493,-10.277103453546507,-18.243782350000004,-12.940822266511633,-4.645224567430232,-6.713580760360463,-12.292279844651164,-12.949192482837205,-10.870050691116274,-6.165369056976742,2.3157280583720934
-303.28852383720925,189.37692046511637,-37.901425081395345,-10.659008361860465,15.95703276309302,-13.727678185232556,8.654032289534882,7.5163343805,-17.098122746511624,-2.9546668382558106,5.71582467465116,-4.5223181704290685,-5.164745291744183,-5.642564497151161,-10.755762641279073,-9.985770352558136,-2.2198092594186067,4.682590325813956,9.217923608023256,17.661152800465118
-308.1457045348837,182.23832313953488,-34.55731515697674,-1.1484806103488368,14.17326864953488,-16.48593318290698,8.387046638255812,3.600007484069767,-16.59498052627906,-3.7088050718139534,-4.338943476860465,-14.181875867093025,-9.282906804488372,-5.165201402325582,-6.3216423091860445,-2.9724832500000007,8.208901710348837,16.01989088302326,16.929513470116277,16.889182209651167
-308.12077418604645,193.59067837209298,-27.63842448460465,-5.799510505686047,25.617658527906976,-10.650922491060465,-4.988281441395348,0.40950910223255815,-10.229170041976749,0.5318712177906986,-0.11487210081395528,-14.048842580116288,-12.463748893488374,-8.522150977813958,-9.384349670581393,-3.025299022093022,8.889387022069764,17.616629265116284,20.88878460376744,17.84028965930233
-322.0252631395348,188.92364872093023,-11.730616185348833,4.369284740232557,30.193566029069782,5.69916841383721,2.0609513506976764,-6.88303200639535,-9.842769208139536,1.4786470902325615,-1.467678905093023,-8.668181816046514,-6.875364267093024,-5.156145324302325,-8.847445575116275,-7.878947359534882,-2.3307071587906973,-4.591876328953489,-4.980329487360466,1.3241053989534888
-315.02425151162794,183.64043639534881,-30.66879577686046,-5.934694121627905,19.527801780813952,-9.844088285813955,1.6089496813953499,-0.45820239069767343,-13.873786121860467,-0.3838941224418591,2.3047477777906975,-10.635129972558142,-13.41838883523255,-9.346212874418605,-9.91148764372093,-13.92662441127907,-13.134752076744181,-9.721804377209308,-2.92520622333721,10.957983362790698
-314.6078263953488,192.6474553488373,-17.277869596976746,-0.03744151290697846,22.996277555000002,-6.899925668488371,7.379813284302324,11.241354419767447,-8.841744284581393,-5.708796242906977,0.10035990220930206,-4.846701535232556,-5.682300159651164,-5.52104656023256,-9.780193543953489,-11.393731002116281,-7.162673341918604,-3.6351824330813947,3.4607064431395336,16.641976283720933
-318.0387160465115,181.22878383720933,-34.96347074313953,-10.874227970116282,16.811863782558138,-20.717568425581398,-10.670990002162794,-2.424687080581396,-17.424760379069756,-10.540374786162786,-4.70815060860465,-10.704055186860463,-10.056605183826742,-10.37496440209302,-17.29725061697675,-20.847760976279073,-14.431203595116282,-3.6751957537209328,6.968526887674422,18.75680746046511
-310.92949244186053,180.16628941860466,-24.352495923255812,22.859303741511628,38.18060577325582,-4.878174465058139,7.323518867674419,7.230027891860465,-4.93344571,5.431755558139539,0.38258295116279173,-16.009602638953492,-8.897433989534882,3.6470732068720952,3.718142641976745,7.057324752906976,10.202354788686046,7.1417918287209305,4.643408244302325,0.8641181013953482
-320.7074155813955,162.37114162790695,-34.9808624883721,24.9002504872093,34.06076656395348,-15.837317535581393,-8.127963631686045,-15.811083223255812,-24.075415395348834,-11.170745878023254,-17.239839805232553,-25.96323054651163,-16.375819686046515,3.3884713649302314,18.02146908255814,25.364286965116282,32.746118604651166,22.048953958255822,-5.171752571279069,-22.028044251162783
-290.5555816279071,183.4889045348837,-38.395717034883724,18.619162594767435,32.27078045930233,-2.6144151588953477,12.84461933744186,-1.6192894333023256,-12.216809502674424,0.9261035448372089,-7.049543612302326,-14.934059288023253,-5.4143904388372075,9.237893659604655,20.72537766790698,26.798194837209298,29.54720574034885,20.89471590593024,0.6003811015,-16.53294804348837
-309.14669255813965,173.81117000000003,-41.19310403860466,9.318772671395351,27.957237413953486,-20.031625525581397,-12.852215588604654,-13.077377670348842,-20.247362037209307,-9.19859316372093,-14.193461719534882,-24.13350621511628,-18.997019316279058,-11.524021050058144,-7.091420198837211,5.693651986046512,18.789930583488374,14.678667455465122,8.141916369186042,6.407537284313958
-318.76037558139535,195.38504860465105,-10.22000131046512,4.0157887793023255,39.39084643023255,12.667412150232558,2.1760999329069772,-8.769269853720926,-12.360942015581394,5.5507274959418575,0.09667287769767428,-15.059770146511624,-6.372084804534885,6.534246340348835,13.279392241279067,17.743745333720934,16.268737507476747,9.86287657953488,3.7595705213941857,-0.6281262089534875
-329.9163556976744,164.18199686046512,-23.67015264825581,21.289236529069772,25.22589744465116,-15.534343303116273,-3.6283497083720944,-10.470948264767442,-17.503270699999998,-6.761871496906977,-7.04917511872093,-6.655710078372095,-13.151699560872089,-21.47483769069768,-13.994917291046505,-5.465814782674419,-0.13684333616279126,3.1898297669767426,-2.700451891186046,-8.54402920976744
-310.66525325581387,187.10775127906976,-9.447453883139538,28.603669622093015,31.06201201976745,-5.9410579703372095,8.076031861627905,-0.4687640349476743,-8.329482263372093,-0.11910815581395419,-5.981926609430232,-7.435772296976746,-8.989897138139531,-9.360712985116278,3.3906519587209303,14.92535159906976,16.337098412790695,3.9077139189999994,-7.206729854302325,-5.035901608255814
-316.30384372093033,173.53770279069767,-18.25489721430232,31.36658535930234,26.691989732558135,-15.784991775581398,3.2435689815116273,-6.0701354136046515,-19.033283918255812,-11.976533710174419,-13.894719698209299,-13.91143722413954,-17.451799047674424,-16.78549306232558,-0.4245219745000001,15.569282304069771,15.014833861627901,-2.8051284112790706,-11.62415408495349,-9.20468430616279
-326.7543924418605,189.85701430232558,-0.3184072914186044,10.326414650668607,22.312739054651157,2.6045104196511635,17.090677866569763,8.166478389534882,-7.413661638430233,0.13013566732558013,-3.148594496162788,-9.957378626976748,-4.208524464534885,1.8395650339651162,5.93966315627907,12.686401704593026,13.112537428023257,3.5232702251046515,-1.5215031037790703,-4.12413790744186
-324.599163139535,150.75384848837203,-35.50069022674416,38.59992864069768,36.57900506976743,-14.770599229534886,-5.357206954651161,-17.77098168860465,-21.348694049999995,-4.170374309418604,-9.190662140581395,-20.470361993023257,-13.746847679651164,4.43080496322093,11.427318924883723,18.216939636046522,32.78755832558139,26.25727669767442,-0.9224427130697679,-22.27520103953489
-310.1074226744186,171.0326336046512,-35.67529518023256,19.717056020697676,32.89536129651164,-5.172039287790693,5.727898041395349,-6.24287470825581,-14.040848867790697,-0.2564078804069769,-7.56765034471046,-16.245525198837207,-4.813999626940697,10.948175124186047,15.652938135697669,19.513263007558145,26.833253359418613,17.287693550000004,-3.3924087402325567,-12.652230685581388
-309.91318511627907,163.57245418604654,-42.37643070930232,21.724284424883727,29.51387983720929,-8.547878955000002,7.975798271046509,-6.771929289651164,-19.258341347674417,-10.329400172558138,-18.215226103488366,-23.70212125000001,-10.158402268255815,11.015606650171808,22.002819025581392,28.826750648837205,31.157825768604653,9.245600044883721,-17.69075540965117,-23.827307003953486
-317.3850596511629,169.39538325581395,-37.8628854127907,11.425305875581397,33.76766189476745,-2.679341841860463,6.529829164302327,-4.7103922627906964,-17.965586327034874,-5.600848348139534,-12.103407508139533,-20.4025701372093,-5.510877449767442,12.31568765697674,21.000277398953486,26.158377031395343,23.16827592325581,7.3137477700000035,-6.712675354302329,-14.044969955348837
-307.4580604651162,173.5108253488372,-39.28837604651162,11.310134191162796,25.580679022093026,-9.929503169302327,8.44548377898256,4.000626031802327,-6.7160248226744175,-0.6667040798837207,-11.501909118720931,-21.84286811976744,-16.240793207558138,-5.769433848953487,1.9498116046511633,12.385561876279072,26.2912899372093,27.169238228837205,14.795407126744188,-0.8826374874999989
-307.4323104651163,165.0474415116279,-46.883782411627905,7.591802540984881,14.098441649418604,-8.42280993651163,19.95574640581396,1.5020946347674418,-16.42067947906977,-7.270484573255818,-10.413093064186047,-16.507490604302323,-16.282588090813956,-2.9534919702325557,12.98615897441861,25.270334438720933,37.411544574418606,26.531851401627915,-3.420621510813952,-23.338988785697673
-310.83335639534886,166.90901395348845,-36.21524380348837,25.547843546744176,33.27943487209302,-9.494518567860464,-1.1929138168023259,-14.005896537674424,-15.66838101511628,-1.0954320339476744,-10.07275146372093,-18.38575079418604,-10.027100337209301,10.485180251302326,23.81470731093023,28.87175677558139,35.28025962558139,19.737996441046505,-9.997623366208138,-22.032877593023265
-320.52009162790705,163.33998947674408,-40.738094558720924,10.457042403837205,28.462888836046517,-9.817971436279073,-3.5374132352325587,-11.196730046046513,-17.526869748837203,-7.6133919294186025,-17.588446646395354,-27.904087153872112,-11.12481288465116,11.06972519355814,17.55500117116279,25.97083190581395,31.464644363953493,13.501227811162792,-4.858811006976741,-10.953334050000004
-317.7862668604652,189.96440674418614,-10.464540378604653,13.620298423999996,35.212408116279065,2.6444943841860495,3.749339415232559,-1.85980897472093,-9.529112395348836,2.873904118488372,-1.144856620838837,-12.069169476511627,-3.8023262933720927,0.9605163241860469,-3.9707119898837204,-2.1424200416279073,-1.1965002460465115,-2.2788008555813963,3.6052546051162775,9.372640368720928
-310.3341027906975,176.75191255813954,-40.35800880418605,1.7008735369767436,23.914444975581397,-13.124882352046512,0.5664743001162792,-6.543283768023254,-19.001152501162792,0.04219284302325582,-3.8506214669767433,-17.62521018232558,-12.86655688476744,-11.847943874186049,-15.083704115930233,-12.011685782790693,-7.7214021177907,-1.7220912991860466,9.969755912325583,18.267989839534884
-279.00213895348844,186.21346290697673,-44.74832590581397,5.947395860697674,9.224992945348838,-4.06003925994186,26.984055665813948,2.4457295540697666,-10.92186840040698,-0.9273594915930231,-5.638874971046511,-4.655645866162792,-1.7904526974418615,6.097441983139533,17.976913435348838,26.54083980465116,31.88668825697674,16.930323314651165,-9.14655609581395,-19.613935282093028
-301.8873880232559,168.1708769767442,-52.59401537790697,-3.3568320129883715,3.9357943480232547,-19.41617825581395,7.889720679418601,2.0309852846511633,-6.366052462732557,-6.347609298162787,-15.350744891383725,-17.910146286046515,-20.76884528488372,-18.479624633837215,-8.184579024418607,10.122046611046509,32.23084328255813,34.829603786046505,17.828615226046512,-6.125756068139531
-309.9066639534884,192.29047651162787,-17.48322398447674,7.68822945476744,27.78572356744187,-2.940918072093022,6.161203883255813,0.13392441706976566,-7.820722488255818,9.337184433302326,5.73312785639535,-8.241617367398835,-6.593675685767442,-5.661260600465116,-8.079904727965117,-4.967474547558139,-1.9639805358139537,1.3237263618604658,10.351031357906976,15.565228766279056
-316.467618372093,184.2386969767442,-27.639025282209296,-5.111776296953489,15.336417681395341,-17.92490462774419,-6.077473152372093,-7.486499871395348,-19.460731355116284,-0.5309576551162789,1.7644738003488392,-18.074330744186046,-20.12803124418604,-11.643200636941863,-11.783633983604652,-13.260945731395347,-12.168733008232559,-14.017890705581392,-10.430824143953485,1.883944439127907
-322.8741661627908,184.38461941860456,-13.746828899360459,11.954211671395349,33.73013968604653,-2.2539743454418577,-1.4249177370930233,-0.10191176511628051,-5.6886109906976765,2.9507027157558117,1.902824513953489,-8.465852827046511,-7.740079530360461,-2.6073240687209296,-5.161968239069767,-4.328123596244186,2.5499693117441864,3.6147603653720926,7.2982190348837195,15.834824643023257
-308.6769977906976,171.47635686046516,-48.40145802558138,-1.0080765698372098,16.94162168267443,-19.10702762651162,2.941631585279072,-6.958629806744186,-26.498048238372096,-4.44964701866279,1.0610625224418604,-13.115309452325587,-19.4038678744186,-20.17541333430233,-19.295698718523255,-18.54426067790698,-12.651615210116283,-5.005185377325578,4.02431003767442,21.514059630232556
-314.183188372093,196.73172174418602,-11.7956074,-0.21479871093023428,24.9934066872093,0.7946013744186053,3.562510635813952,-1.9403145259302328,-8.572613527325583,5.1913637589534884,5.025159574651162,-6.196126259534885,-8.433164583616279,-7.517135372604646,-6.952884804651165,-4.373950929255814,-1.5720967662790686,0.9302333560465117,6.514521813953488,13.067867307616277
-312.4754648837208,188.71459116279058,-28.677335404069776,-12.679338754104656,9.586258458720934,-17.077604159453493,-2.2284019059302334,-1.5146999070930234,-15.532454277906984,-3.635411793023255,1.8894032585465126,-9.0100420375,-13.294180862790698,-9.4154939292093,-10.626512541860462,-17.20531352093023,-18.8008514255814,-18.046551989534873,-14.677403562790698,-2.689155311209302
-313.42848011627916,185.0867495348837,-26.166882069186038,1.630859276162791,27.89384680232558,-2.7573390791860497,-4.634435791162791,-11.14328347534883,-11.49019798859302,4.691411295767441,3.492432430383721,-10.670427609418606,-16.037330509534883,-7.038644441430235,-1.6237690491860464,-8.047365864267439,-10.472904578488379,-5.690266502255814,5.432818233488372,16.868911062209303
-308.4278095348836,173.47807523255815,-40.46628279069768,9.000800579534884,22.90058835499999,-17.13498557523256,3.051902423837211,0.9070842125697676,-16.605020677906975,-5.513520212697673,0.916498728604651,-8.611573511633722,-16.433468850930236,-14.197992765348838,-14.373821165232561,-16.490900531395344,-11.437456491151163,-7.525299946116282,2.4930567677906965,20.158992608139535
-312.11572988372086,187.8943011627907,-26.86389948255813,0.13524699255814193,26.840771073255816,-8.49096938733721,-0.8441833303488389,-2.2327397318604625,-13.167829360465111,4.443420163081394,6.78597842744186,-5.608475288372093,-6.9820771661627905,-9.483054210930236,-11.015373272441863,-7.902742384674412,-5.845721730895347,-0.13242914813953466,10.24960050209302,18.95141831860465
-297.54739709302333,160.42990081395348,-42.427968174418595,37.375823021627895,27.388765478488363,-4.961938273953487,10.810222086162788,-14.744425233953486,-8.233217445930231,-1.0076594830348837,-18.642862167441855,-15.883474579941858,-11.812360651162791,-4.509402521279072,-0.6787990002093024,-0.7971552510465113,6.155671437488373,2.8684200379069753,4.847227051395351,9.686390018930236
-308.28330209302334,164.969791744186,-44.92402154651163,11.306444960348838,19.03607820697674,-6.676424148255811,11.239324904779066,-10.34967193081396,-17.55573967325581,-7.850663022441861,-14.277585402674429,-2.6595232237906954,12.600161852093025,21.642646766627898,28.167224880232563,21.692616985813945,5.749551325000002,-16.65333066023255,-25.579797954651166,-15.205566025
-294.9252381395348,173.93353069767443,-45.96051147674419,17.188185100465116,28.61815993034884,-8.038858514302325,4.250509063999999,-10.827325601127908,-12.457653533372094,-1.233534635697675,-9.620455676976743,-1.1540007948837205,15.907962758604647,26.021035039534883,24.85389281976745,8.601498266825583,-6.7892935166279065,-19.34242126139536,-22.312041613139545,-13.521145976279074
-304.34548441860454,187.36928488372092,-33.349386100000004,-2.013814158953488,23.59967128023256,-4.188965302441867,2.368803533139535,-8.971963198488378,-17.735880818139535,-4.398154506162788,-7.8112755981395345,-13.231716257325582,-7.66783194139535,1.286292466046511,11.80613265627907,15.257850549186047,12.844915686558135,7.844953297441862,0.8430868930232556,-5.327123896511625
-321.02912220930216,192.1408062790698,-12.584340178302323,1.745205245081395,31.406353012790692,1.4396766893023247,2.8949745056046527,2.8304109662790733,-9.669481028581396,-0.5690517279883726,1.183284552093024,-10.029774429406976,-8.993740405348834,-4.734239716627908,-4.672510891232558,-3.872890984883722,-4.874973716976744,-5.394814255813955,-1.7388382962790687,1.8893331261162793
-312.20572488372085,179.041983255814,-34.68224898255815,0.5889556887674404,17.939799999941858,-17.368837613953495,-2.1753918356976754,-9.093575493488368,-22.740958456976745,-2.618806818558137,-1.5931713441395343,-14.415868021860472,-10.285176627558137,-6.995406550232558,-13.18017704534884,-16.20792113255814,-13.493509383720927,-10.711992463906977,-1.9852546840116279,14.295426531511625
-293.3806953488371,191.27243441860463,-30.980386687965108,11.025483598837207,28.727381,1.2521768417441859,20.625135422093024,8.191712579151162,-4.318306348372093,12.442881135348838,8.104342221395349,-6.231021033325583,-12.151767573953487,-12.94384478746512,-8.125887026372093,-2.8605962152325577,4.872318867790698,13.204238537558139,18.642927401046514,24.169301737209288
-316.9147945348836,196.2726808139535,-12.129761600000007,-2.8150510009418594,23.61260920930232,-3.349114925116278,0.5556490049186052,-0.9414595146686056,-10.225529883400002,3.6262211182558137,4.225093162906979,-10.284358989534883,-11.798305635232557,-10.603048207790698,-14.590086162790694,-15.155704781395343,-12.28614387476744,-8.26203933738372,0.13813771476744308,8.886734073372097
-333.76981697674415,172.5606738372092,-15.021442436604648,10.29511586209302,23.177710348837206,-1.4366139012790697,5.716088688720931,-11.23215739244186,-19.072533120930242,4.260775787232559,-0.17430441197674457,-19.616426168372104,-11.541795277023255,1.3922019094534885,-5.597677778709304,-10.641132579651163,-5.710600863255812,-3.6869733460813965,1.985522195941861,6.499295369767443
-322.7944326744186,179.2013268604651,-24.156773625116276,6.803108968593024,28.71115973255813,-12.341085612093023,-4.194518118372094,-2.7557654136046517,-17.29767434986047,-2.338409556802325,2.9899564181395353,-9.526534173488376,-9.108457281581394,-7.70323171383721,-13.350222939302322,-10.98601307906977,-3.7182352995348835,-1.2887482349651165,6.725956632465112,19.983143019767443
-298.87678511627917,199.11484906976744,-15.57318065395349,7.703722386395349,20.025573030232557,-2.954797849069766,14.577955303488368,5.79043565311628,-5.342811271465116,6.5353674891860445,4.869718130005814,-2.831448070000001,-1.6471290115232564,-0.17658847144186057,-6.720637857860467,-10.845575583139535,-6.534086881627905,-6.364720256220934,-3.9177788254302324,5.477389992162791
-327.4689717441861,191.64366930232563,-11.73585907360465,-8.808921136058139,23.491846002325584,0.0038487829069768515,-0.1841564439534882,-0.1932737149383722,-13.280567506976748,-7.674799685255816,-8.255492821046511,-21.12817411593023,-19.032255554651158,-12.038254098372098,-12.144923416279068,-9.974198115930228,-7.733349609516276,-12.009639244418606,-13.38114904011628,-8.16540539116279
-321.9522727906975,191.7498087209302,-10.948910471744188,10.598661812441861,44.79052525581395,5.8059461883720935,1.9675215432209303,5.296594575930231,-7.267191252906977,3.2507126004651155,6.127625451744185,-6.080518540232563,0.41660890534883693,3.724918046627908,-7.284740351395348,-3.8199576073139556,5.136108634069767,-0.3178725818604658,-2.871936625500001,1.244236011732558
-301.6280323255814,169.5486799999999,-29.647687625697667,33.72403214418604,21.621687224418604,-4.132968561511627,19.918669875465113,-12.438328775348843,-15.516617565116283,2.584351461395348,-14.811262987906979,-16.500095160465115,-7.1019512636046525,-9.264654061395348,-10.50238733488372,-1.7020089016279059,3.826725180895349,-6.076199483372095,-7.747913710616277,-4.028317643651164
-299.28844348837214,188.52141872093023,-33.80478523255813,6.721392743953489,31.782092668604662,-2.1191541043023268,8.013633800534883,-0.13493673302325526,-10.816707335348838,1.732378318488372,-6.2475662302325565,-18.183578956511624,-14.230723646162788,-11.315448766162792,-11.807197118651162,-5.780087746162791,8.323810449418604,17.66145333441861,20.532755442674414,19.461229936046518
-292.966746627907,185.28480825581389,-44.81347076511631,0.7966118748837192,20.162761755813957,-14.738590718023255,4.236779575813952,-5.221922215232559,-20.098165704651166,1.3447782936395334,4.062058706674419,-11.155029458953491,-13.31807118674419,-10.212322472906978,-13.516639423255809,-15.028982668604657,-11.710984384883723,-8.65061884825581,4.017126464767446,20.493819353953494
-320.31799395348844,194.73523569767445,-9.979827972093021,3.5935806473255822,32.33285656976744,-6.7506602470813935,-10.136218456104645,-1.9903977041860461,-10.739442241162793,-3.6480660107441856,-1.4173559158139533,-13.439941821627906,-13.346055894302328,-8.567155198255817,-11.53177397465116,-14.131761050232557,-12.200279004302327,-10.262122346162794,-4.929657071337212,3.9685019262244188
-306.2185348837209,181.99394209302324,-31.704359258139537,13.597375205697675,32.22031780232559,-8.559415849069769,3.7729268170930235,-2.026544883895349,-15.193938074418604,-0.32325140302325595,-1.9084934234883724,-11.377845772093021,-4.581407560066279,-0.5461574146860478,-8.686842573720927,-12.733725777267443,-8.104642245930235,-4.87142228627907,3.850999876744186,16.33218499255814
-303.1099869767444,187.37187162790696,-30.2927979872093,6.784278015406977,26.41542046767443,-11.573192741860465,-2.7544145425581408,-3.3486019756046543,-8.833731387906978,4.2580069700465115,3.018518578139535,-8.988729240465117,-9.882386845087211,-3.971443086395348,-8.156173545883723,-12.31444071395349,-7.314500121627908,-8.596506609883718,-4.864698482383722,9.861394176744188
-312.3515202325582,204.10575651162787,-8.558406702674421,-5.326160083476744,24.808071454651163,0.8969897909302319,4.874276861976741,5.041083799930229,-9.663938433837211,-3.5639723872093017,-1.4949901460465111,-10.481316201436046,-7.467275303255814,-2.942309298953489,-7.4833260970930215,-9.407040593744188,-6.700621762755813,-8.984453905813954,-9.666402490232558,-0.649245444651162
-332.27985186046504,186.70474790697676,-10.002190419104654,2.654639720813954,36.676411133720926,3.3975517702325586,-3.562597323959303,-2.5731678981860453,-14.03195196430231,-5.725164324883717,-4.032382080883722,-16.632298123837202,-11.601255836511625,-2.942460584651164,-6.9512883868604725,-7.014543231627909,-2.757263958709301,-5.720373078523258,-7.653749367209302,-5.105289124651159
-309.1231953488372,169.75828802325583,-23.951666758139545,34.97161805116278,30.179730256279083,1.8861255940465111,16.46100621209302,-11.18831160744186,-12.47207208895349,6.5786868597674415,-5.410530818023258,-12.410466085465114,-5.531967961627907,-1.9070133140697687,-8.700591903686046,-8.140888965232557,4.261945925000001,5.761443523372094,7.975428530232558,11.037981215465118
-301.58488034883715,184.1831593023256,-34.27354726744186,3.13230690267442,16.651857929069774,-10.17408201651163,8.498694606511629,-3.1701069613953474,-11.415761090174419,0.16849023934883753,-11.289969225813957,-16.052780502325582,-7.380278064069768,-3.8575166209302334,-0.6451110471395353,4.94418780872093,13.433111816395352,17.747946903302328,16.91607014302326,12.495276501395347
-301.8831641860466,189.52010197674414,-32.49797057790698,3.157332261976746,32.766982321511634,2.2902465983255813,10.376040078220928,2.312405371593023,-10.302306856860467,2.8598641265930222,1.7534994812441862,-7.895968118372095,-7.972116108651161,-6.988641383965119,-5.438484685697675,-2.375280330930234,1.174717104999999,5.619342773953486,13.850624599534882,21.1117639372093
-317.6607836046512,189.38998616279065,-25.09208479593026,-13.020444939186053,15.682090671020932,-14.235084644883726,-8.925626314534885,-4.645060484883723,-16.750742040697666,-7.47941265303488,-1.9912919882209292,-12.696528974965114,-15.694293044186047,-12.928706187209297,-14.823157103488372,-17.0587933755814,-15.530578765116285,-13.357909409302323,-6.566459665465118,4.943459464011626
-346.25623,189.9455965116279,16.847588451162792,13.05136068023256,32.85525520930233,9.90050014093023,5.381714090813954,4.602747526976746,-3.9598385273255805,-4.918010192988372,-4.258725985499998,-3.8562360289302333,-2.8851969187209305,-4.922482932534883,-8.173242365348836,-7.578154276662794,-3.932376158139533,-3.647652794301395,-3.7437250710697687,0.12006864938372108
-314.72884976744194,173.6730504651163,-31.50694647209302,15.731790954767439,30.956694023255817,-5.567372194883719,7.460294712441859,-5.662916181511627,-22.808561018604664,-16.377709364651164,-22.309287573255812,-18.52794352476744,-1.396465255465116,7.475260809302329,5.638586561883719,-3.482648576860464,-4.40505505116279,-0.6514838040930229,-3.7117471969767455,-4.62720750988372
-304.5300440697676,190.59488686046507,-18.47672543488372,13.433601332790701,24.895554997674413,-1.1598294909302327,14.727513515697677,3.1892813854302315,-7.998804155813957,-0.7923655581976742,-5.919923781279069,-8.639801830465116,-9.024598468255812,-5.335765613069768,3.634953440348837,7.754523607209301,13.12457867189535,13.646198319651159,7.7311873588255855,0.8453723617674421
-317.5397620930234,183.46804127906975,-16.541317673837213,10.847014098255812,18.05806901627906,-13.589518269837209,0.7751733361627905,-10.649248607558144,-21.11297480232559,-6.787690824883724,-13.720006422093032,-19.18466188023256,-11.349506604186049,-8.90432820405814,-7.221354684418603,-7.182493070813954,-4.749954263488372,2.297695356860465,0.7681016299999999,-6.787116950232558
-308.06497139534883,190.41377918604653,-5.74401438372093,30.92295383023255,30.458799488372087,-4.823613747790697,10.46917521104651,-2.603158887790698,-11.58145895139535,1.0432563693023253,-7.040893182906976,-10.791345830232551,-2.3398359324418605,2.1592540860465124,1.7317294347209304,-4.836760021255816,-4.276587701511629,7.213674082593023,11.009900943790695,3.70511201433721
-327.19925372093013,176.56317593023257,-13.971646160465108,17.925905856627903,26.14460294186047,-11.243415771162791,-2.029358503193023,-11.070963140697675,-19.579639174418602,-6.866657308953487,-13.581100854069772,-16.01131733790698,-6.384954843302326,-5.88145503354651,-9.698580874883723,-16.344766860465114,-14.353708676627907,2.0085115379069762,10.269185208023252,2.968599959802326
-336.83112220930235,197.31873116279073,10.551568102325593,0.02819712081395377,25.970906476744187,10.802284083837215,9.893782736046512,7.021833444162789,-3.7287055369186057,-0.1259606643023255,0.3315767615581402,-4.387668010813953,-1.8898717250000001,-0.9366894458139541,-3.400813539418605,-3.4893381536627905,-0.4166706454651163,4.368556855116277,7.368096629883721,7.478346960348834
-314.5642660465117,175.66457872093014,-40.42703646511629,-3.186404132558139,19.377313151779074,-17.82250324267442,1.1104985186046583,1.4831124444186043,-21.310801423255814,-11.470040922674416,-4.648248506674418,-11.4181649129186,-8.927052082965117,-8.315223243139535,-17.655511351162787,-20.40323713604651,-12.824688088720928,-10.145718583372094,-6.716268589104651,7.60672887427907
-296.12867755813954,189.88049197674417,-32.62153778395349,13.50681417139535,35.99965568604651,-5.107224786802325,8.860039599930229,4.72855726988372,-10.75493418244186,6.981208026162789,8.999969475523253,-6.2223723482558135,-6.070961788372091,-4.063986290930232,-13.334698356976745,-15.537428870930231,-4.9157103312093025,0.3241838845813954,7.5002267285930255,23.781930813953487
-325.57169616279054,166.03789127906975,-33.50491804046513,8.588893187209305,23.05067398860465,-15.09784575053489,-4.667792679767435,-9.193709252209304,-18.237137290697675,-6.859315311976743,-10.02768993186047,-18.008508967441855,-15.681435357209304,-16.399818439534883,-21.48212636046512,-14.125945868604655,-1.5383143949999998,-3.2243825991860464,2.336901924453488,18.4238672383721
-313.47285627906973,188.60348325581393,-19.329841385000005,7.194433777674418,32.18284978604651,2.986152556395349,5.550801846627907,-1.78582647581395,-8.329635244697677,6.105850950000001,3.0663488453488372,-11.094528016360467,-10.361765634116281,-4.5123796411627906,-5.712859055813953,-5.368242062639533,-1.2730590876046515,1.1018071225581394,10.110684606395347,20.066828729069773
-296.49336651162804,189.97036011627907,-38.09378260581394,-3.054335699883721,16.604351318604646,-16.721057851162787,5.166021711104652,1.2317825546511638,-18.237132830232557,-4.006039581686048,-2.3319741531976748,-16.06944444651162,-17.426060470930228,-13.563159676744183,-15.608832516279076,-18.53137380813953,-17.12713302906977,-18.155259774767433,-15.508038867325586,-3.203496301511627
-301.46225616279077,198.0261248837209,-23.76597330244186,0.7471606449999993,29.58357757209302,-2.2366299490697688,4.85759115977907,2.8265317175581397,-8.475841265116276,5.254929786976745,3.480742882790699,-10.75185122174419,-7.212084724011629,-1.738391287674419,-6.463414495872096,-11.57797345412791,-11.220949014462796,-7.452501085244183,2.510151674930232,14.843593925232563
-295.5775802325581,174.52212267441865,-45.179425406511626,18.843431990232563,27.753814556511628,-21.92464184081396,-9.140198096511627,-10.35072032162791,-12.883564889767442,0.7248156777906999,1.0080687032558138,-8.271813268255814,-17.643703833720938,-19.815162209302326,-20.97525114069768,-17.587913825813956,-9.349456446511628,-6.2792577923255815,7.078619693255812,22.81976510465117
-310.81579627906973,189.71295000000006,-25.010769975116293,-0.521835442790698,24.665526010186056,-6.72198477034884,4.151744530290697,2.345853595232559,-12.442894521976756,1.3233317938372076,3.2475588693488366,-10.570714859860468,-10.93941930139535,-8.415046970232552,-9.10560854661628,-6.09715547901163,-4.086121164534884,-2.4296612120930225,8.14361934837209,18.404848403488373
-334.9928190697674,188.409261511628,-3.2077539030232556,3.8488801525581393,31.66432432558138,0.34748526662790663,-2.2790672480651164,-1.5214501730116274,-16.034793526744185,-9.846824246744186,-7.653840144418606,-18.072954382558137,-14.969216917441866,-11.738220974418606,-16.540122766279072,-15.474726841860464,-11.90097149848837,-10.700728134883722,-6.277016597616274,0.7141224280930234
-292.9156208139534,179.83438767441856,-40.685531489999995,22.942505922558134,36.598536422093034,-12.38636116534883,-2.0961175762558137,-6.105076924581394,-13.124775642348835,-2.254861828139535,-5.862441732906979,-13.79335823709303,-13.6457181555814,-11.637743887790696,-10.452449065116276,-3.1170850112790665,6.4959298832558146,5.935217306162793,3.1665565060465113,5.548864982930232
-284.49677895348844,168.37669220930232,-55.29459944186043,27.11035382209303,28.65052794186045,-16.93751981348837,-2.04285998255814,-17.580226829069762,-16.423111875348834,-3.6101615484883722,-14.21488649372093,-16.535152920930237,-11.769137901860462,-4.370677956279069,-0.3271492476744183,4.158105396511624,15.05054001895349,16.07568843174419,11.261347040697673,4.1805992627906985
-295.75164674418596,192.49622593023255,-36.13206887790697,0.49678139546511646,28.332402710465118,-9.096553453604649,-1.1900725911627899,-0.9587300813953474,-7.426121954767439,3.282453868651162,-2.373762977558141,-12.43058957209302,-11.855827346511626,-10.325805240930237,-9.58934636139535,-8.63104435488372,0.0906853706976744,14.5781278246279,23.778283254651157,23.579702134418604
-307.97924116279063,186.3886090697674,-28.11896364186046,7.662572795348836,34.3300438255814,-1.2340172197325587,0.35612026895348686,-5.507505442476743,-12.9991590429186,-1.7199155604534881,-4.585714618255814,-14.390588404651156,-13.54599473376744,-10.741485375581394,-11.62817147290698,-9.69411693104651,-6.025338181720931,-5.923785304302325,-0.101792832976744,7.572811405116277
-302.9611889534884,180.9021538372093,-37.835975498023274,7.501369991046509,26.388243597965115,-10.93924360267442,3.116843981046514,-1.6204001590116277,-14.283536183139535,-2.2792846393023254,-0.17363547023255918,-8.426270468081393,-12.89255101104651,-12.153810562790703,-13.189950748837203,-15.365675607093028,-11.590560971395348,-9.33654377906977,-1.7068485942790694,15.545718683139533
-299.03530976744184,184.63571534883718,-36.36383281232558,12.460142003837205,34.55068573255815,-7.158276111511627,2.3432523909767435,-1.4121608667674415,-6.814574390813956,8.144022048837208,1.3954722576744187,-9.413618322093026,-8.178928292209303,-9.939308237041862,-13.893235054360465,-12.092307351465116,-5.213793226395348,-1.5014686393372099,5.355117146116277,17.960222619999996
-317.1277280232558,184.07748127906976,-27.971789997674414,-3.5245904943023274,23.10931430162791,-10.351639924999999,-4.313891366046513,-4.835327256232557,-15.050055829418604,-2.9982947103488384,-1.6924140541860468,-9.997778742674418,-11.928462224999997,-16.168623271267442,-18.01206666372093,-15.107511534883727,-10.901839908441865,-1.5286243107441873,9.712125720348842,14.423272452325586
-302.4972003488372,175.5812157558139,-32.58771058139534,26.880860873720934,36.00366813883723,-2.7862302355813955,11.12288705465116,-1.2724187470930217,-9.774097969651162,5.6194872269767435,-1.916382559186045,-16.19097272441861,-12.491688618139538,-5.949850561046512,-2.295906361511627,7.837552959651162,12.5750128875,7.798109849581394,7.182861045081395,6.378572619302328
-312.4202456976746,153.8902828488372,-43.66867246976742,28.174570141279077,25.12472373,-9.780954538372093,0.1624663706976734,-20.830092262209295,-13.745169943023255,-3.0589354765116283,-15.795735589999996,-16.980694420232563,-16.823590005302325,-4.465338306860462,11.796319548139536,22.83363777999999,33.382475789534894,19.088359361627912,-4.474722657988372,-16.355920546511626
-304.42934825581386,173.15166139534887,-39.499798011627895,16.74546459372093,33.702669793023276,0.4160586112790703,10.680176815500001,-1.598490303372093,-7.313509221860465,3.5882211153488326,-4.0695826534883714,-11.5821773,-4.349546879767442,9.481444177558137,14.98361267872093,14.988614612906979,17.10605291360465,10.702400055116277,-1.5262399509302325,-9.552037466046512
-295.6814117441861,176.1808753488372,-54.4751888604651,-12.04229575744186,-4.559823832976745,-33.200178616279075,-0.4008784710755807,-1.2875959451162797,-15.363388149186052,-10.953461620418608,-14.777601542325582,-16.83583399093023,-15.095796527906968,-10.879125541569769,-6.465767788023264,-0.7877359727906955,13.233768067441858,20.584587674418596,18.219790025581393,11.949260074534886
-306.1816559302324,178.06052000000003,-34.26641475116279,23.052924070930224,43.728003046511645,-9.448012662790697,-4.200272944418605,-2.410371451093023,-9.094851453488374,-2.5198678437906974,-11.315176014302322,-16.193864376744184,-6.926972069069771,2.7621912252325562,12.270442173604655,21.78385796860465,29.78057755232558,23.0723969794186,4.144359427790697,-6.881905759104649
-324.4221606976743,166.72828639534876,-29.550969708139515,19.684858430930227,30.3294608023256,-16.40108941153489,-6.722372843674418,-12.288518296976743,-19.14781714053489,-4.253661732906978,-10.33978455627907,-16.34156962034884,-14.355380124418604,-16.73161560662791,-7.382430797674417,5.653078216744183,8.372933745348837,6.049373736279071,-0.6217532191860468,-11.542378226325587
-317.87371279069777,182.72167139534886,-6.218156787395348,30.868404249999998,31.61069856976744,-1.6001626538372096,14.001815415930228,2.171934504302327,-8.027565563390697,0.29146982906976643,-6.418825093953489,-9.025268484302327,-8.481211251511626,-5.950989522558138,7.309248684999997,15.633709556046515,12.079632644011628,2.0753657867441864,-2.9868319121511635,-2.9665024997674423
-328.21935837209304,171.26610709302332,-18.40104338488372,18.371180876395353,23.513865627441856,-14.415963606976746,-1.2043712499999997,-9.912877587558137,-22.303553252325585,-13.235070212441865,-17.085562882441863,-19.04567895430232,-16.98623270348837,-14.480961784534884,1.4396121304651175,14.243838730232563,7.623808501744188,-6.324814458686048,-7.730900876860465,-4.259686396860465
-326.37789616279065,190.20929151162792,-3.4036875552325583,8.82188160881395,29.13166640697674,3.969174579534884,10.025692798139534,7.600721200534884,-6.646485418720932,-3.318567703372092,-1.9321673877906975,-8.065323130755814,-8.171227277581394,-1.2765370558139533,6.577667837441861,11.703013348813947,12.627510763255815,8.486896831744186,5.808707476151163,5.689657893139534
-310.9183468604651,151.85417934883725,-43.51231976860465,31.92771988453489,22.526703339534894,-9.463857441162794,5.737034044418603,-21.362016066395356,-15.924610098837208,0.2890175471511625,-15.383095183720929,-21.198862658837207,-15.99361720604651,-3.223758553139535,7.2974679555232544,17.123254565697675,28.320522423255827,19.93280927674419,5.564605933941862,-5.30389163988372
-318.4722574418605,168.6578636511628,-34.970000017674415,17.085257687790698,41.13760654651161,1.2950951053488375,0.9378845012790705,-5.0559665498837205,-7.7868297190697655,2.0961961108139517,-1.074526516162791,-3.2867860665116297,4.655389039697675,14.815082394046515,19.237608718953492,19.39485577674419,18.481406705232565,6.38409474372093,-10.025845208023254,-11.725961537209304
-310.31033465116275,158.5114254651163,-52.71963445348837,3.55277976616279,8.006509643953484,-14.845851591395352,12.6234528261628,0.8641838880232562,-8.259371907267438,-10.331353446383721,-26.042519877906983,-24.81995011395348,-15.843752675581403,-0.815630352674419,19.504188411627897,31.80546712325583,33.02883865697676,12.787953151430225,-19.24848367674418,-35.04417494767442
-312.5968661627907,176.25588720930236,-35.873178081395345,9.721544889534885,36.97138831395348,-1.3864433377906982,2.6795888153139535,-0.643573474534884,-7.171461968523255,2.5271180655813965,-4.320124711627905,-13.266234098255815,-4.916062878372091,6.856052469767441,15.727445938023259,26.020680159186043,26.770757994186052,7.513555764732557,-9.920754545581397,-10.799248431386053
-327.77573081395343,168.93863795348838,-35.60448729186047,3.811614430465116,38.86650630232557,1.0497815127906982,-2.716466697848838,-4.06722185511628,-11.841618064069769,-8.9234898955814,-18.238465243139533,-25.93962328953489,-18.25062955,-11.210141391860468,-4.454052579534884,7.870136293953486,15.805586545372087,14.02412365588372,10.654103903837209,4.031633811279068
-307.7183259302325,167.73094569767437,-37.29590703069767,21.72733051395349,30.89637157848837,0.30205934123255573,7.872799403953485,-7.865646427558144,-6.450273683255819,-0.2756539861627909,-8.78996010697675,-8.820106802848839,-7.6841750120930215,2.441352666511628,11.915450933081395,16.598378069302324,22.907123986744185,13.034575355813955,0.20757542500000004,-4.938909231627908
-307.06739337209297,157.95474576744192,-50.906186197674415,8.169608670232556,4.942061620813954,-11.120824230116282,21.185067943604647,-3.0490377424883706,-14.902291006279073,-5.699218033860464,-15.186569925813954,-20.960030788372087,-21.053770624418597,-6.154599572209301,17.034046894883723,32.99841687790699,38.97760673837209,19.567761042209305,-14.841611426279071,-35.485655906976746
-307.65480034883717,185.6878402325581,-29.644619913953473,8.480698341860466,33.05278726813954,-9.157649257906973,-3.9185811072093024,-2.3651819020930227,-12.124424891860464,-3.692378106162793,-4.4540516419767435,-12.175548433139538,-8.913870249476743,-0.31587389890697753,5.5822062998953506,11.701285366569765,17.921919395813944,11.6106710877907,0.057435541395351015,-0.9052988593023245
-323.2796511627906,173.5102702325581,-30.68634692302325,5.537791734255816,25.848202656976746,-15.064914463372094,-5.240377678953488,-4.419019494186046,-15.923734401395347,-5.130719690418605,-8.154004261511629,-19.061648770930233,-16.707379740697675,-12.638599546046509,-11.638957550465115,-14.230998154883725,-16.773610643139534,-13.1869051427907,-4.246519869186046,8.26521769034884
-293.29265081395346,176.07705081395352,-49.25952524302326,7.071124548139537,22.212423307093026,-9.293113248139532,4.651732987674418,-7.841815823255816,-11.270467834651164,5.572476151744187,0.3752286774418604,-14.38207982906976,-18.465144937325586,-8.810926563720926,3.7512417296511624,14.676104021744187,19.846266875162794,14.180098297209303,9.75081889604651,5.000689324081397
-296.42755697674414,175.19912720930233,-46.08452873255813,8.360030395697672,19.825147536046504,-8.705796458790699,9.601171299186047,-7.437969398255814,-14.972230091395351,-1.7416598036279076,-10.826838683023254,-18.407462516860466,-17.107619841627905,-5.440305497093023,12.749663468604647,22.93967965209302,27.7469628,17.78988216424419,-1.2994754746511625,-16.688932979069776
-308.4767191860465,188.20239441860465,-26.477044360232554,6.6561576662825575,30.001812363953487,-9.957122853255814,-1.0606730848837203,-0.03902571708139644,-12.9227914377907,-1.1332596460232554,0.08603193418604788,-12.507319950581392,-12.997724911511622,-8.238125850337212,-7.995863504999997,-3.8023456526046515,8.6433194845,17.848241630511623,18.000294004651156,10.775078321279072
-314.0513395348837,186.48148581395347,-26.33764102348023,1.3370614145348858,27.612828222093032,-8.665131003372094,0.012570882325581265,-1.8262924604999997,-20.475656878488365,-7.858176767720929,-2.509977903767443,-14.429644652441862,-12.937854073837208,-7.106120045581395,-9.637438715581396,-11.010143162906978,-7.4827284593023276,-7.910742327093024,-8.06268897267442,1.37776700604651
-324.26524558139533,176.681371627907,-20.931193948023257,4.995154132558142,18.938585024069763,-9.811147200697672,-5.697709933255811,-11.551980982558149,-15.829354368604646,-7.444846634186047,-8.339971186744181,-13.872029911395348,-10.255528406860465,-3.5658738505813945,-9.021983520232558,-10.13530573255814,-4.348322776069769,-8.335207278837208,-4.013789033139534,7.107295046298836
-296.43801372093026,189.9365110465116,-35.954959372093015,1.3021508409302323,22.97791245930233,-8.67998529976744,7.815604516162791,1.320365711511629,-12.472117059651163,5.256327598662794,9.53572071484884,-4.055168866034883,-11.465613062325586,-10.01789810116279,-10.136173157302323,-13.845262763255809,-11.74650634988372,-7.279864820581397,1.270053405,17.65186893802325
-306.84786372093015,168.0765568604651,-44.745693004651166,15.268149526046512,27.42299276511628,-19.542556205244185,-7.370238526279071,-8.970120053023258,-17.827562264186042,-3.7576681943023265,0.6539807358604656,-10.53245137240698,-15.045188236511622,-12.818925146395346,-16.28284047325581,-13.697087604127903,-9.001894763023252,-10.250046401046516,4.460651394302325,24.667891258139534
-318.8685675581396,186.35291267441863,-22.063778287162787,1.3252567110465134,29.922967005000007,-4.508024344186046,-1.886265655465117,-2.1981292056976747,-13.816529516627908,-1.5735902985813939,1.4670487719767418,-11.555710176744183,-10.826717534302327,-4.085197680558139,-6.986514687558139,-9.198203970430233,-6.224601736023257,-5.551286156395349,-1.5765008607906978,8.994522046162793
-340.58821267441857,173.97594662790698,-11.31643765523256,-0.4197819203488368,15.557458531046509,-4.903088887790699,-6.220257610755818,-15.678825805000002,-16.26173357744186,-6.876850826744186,-10.005273976744183,-15.98006925716278,-16.82226383883721,-12.516370217441862,-11.636160920581391,-12.74802921406977,-8.331826430232555,-6.019744679302329,-3.147372001802325,3.2279370779069763
-306.3782776744187,184.23208686046516,-26.13105031976744,12.256754931918607,29.97354691860466,1.3316181808139549,9.813512854418606,0.8448677612790697,-2.534055526511628,10.704375066279074,6.320435591395351,-5.56273538851163,-11.795999196627905,-9.894028437441863,-7.673785978720931,-10.259234129302323,-8.624580683139534,-3.025851984813954,7.402618932860467,20.248638190697672
-313.1162340697674,173.08745709302323,-42.93067046511627,0.4067670708139541,22.126393967441864,-21.0688978705814,-11.888078746476742,-10.09482444767442,-18.42421951076745,-7.027080027093023,-4.019448417790697,-8.186603614395349,-12.94744878523256,-18.97072951511628,-19.47143014116279,-17.740634406511628,-17.059406259534885,-11.299049500348834,4.592443656395348,17.890180310465112
-307.842778488372,184.30269174418606,-26.904618208139546,20.65388255465117,45.607597604651176,0.21430098906976716,7.650306074186044,5.521195466046506,-7.54905016406977,4.950987295465115,1.2259107229534865,-9.616511135232559,-5.720267596348837,-5.8912531201162786,-5.44020332883721,2.118140405930233,4.2202047040697686,3.6397171706976748,9.686470695348838,12.321955279290695
-294.6536086046512,164.91883825581388,-53.49443019767441,14.16267921453488,17.928861019616278,-8.166854542325582,4.845490963220929,-21.858945329069773,-16.777916740000002,-3.7744815243023258,-17.958482868604655,-15.384517260465119,-8.267000588587212,3.3063740070697674,15.607157453604653,15.892680430232563,11.097262192372096,-2.019781767255816,-11.319969111476743,-12.600579165697672
-288.1859054651163,171.5884793023255,-51.815653313953476,19.041394962790697,27.007859660465115,-4.706266357674419,11.830263041860462,-11.30872799546512,-16.509463194651165,-1.351588520348837,-5.457570734767443,0.6134878745348837,15.108492723023248,27.53776540209301,26.7970559422093,13.006082164999992,0.9772647953488387,-13.199507513139537,-20.18057395,-15.245538176639537
-292.20614593023265,176.01950011627903,-51.71173424418605,1.865951204651163,13.620516833662787,-11.69371762116279,8.806482682744186,-13.77870335616279,-26.617367888372094,-13.044295936633718,-14.148453850000008,-7.679493360465116,4.067340322558142,16.72340570116279,22.733666341395338,9.246908333720931,-4.487769332209304,-12.735531073837201,-17.45992114817442,-13.877846034534882
-323.04210732558136,192.0176713953488,-11.48275889488372,4.987421083953481,40.46698318604651,6.084035222209305,0.3094910803488374,6.111100878372091,-1.8454465428604647,-1.3998324160348836,-4.101486411046513,-11.386467589186049,-12.454002601627913,-8.848792499186048,-0.4024099403488372,5.6143196653488365,5.617834003953491,5.946324981511629,5.055117471744188,1.2920996374418596
-311.6386931395349,171.61413697674422,-28.5405539255814,17.808654561627904,17.605314534883718,-12.102454620813958,-0.5355850627906972,-20.211922218604645,-21.41662654651163,-3.182877842093024,-10.420944779348838,-19.44789686162791,-16.79756455348836,-12.57804525965116,-13.964445069767441,-11.806968158139535,-5.922795720162792,-8.257071070000002,-6.774932278953486,1.5152026323837204
-304.59695895348835,190.98284627906972,-24.660573335186047,8.586416781744187,35.52136124418605,4.510761951441861,7.732132605348839,-1.6421304182558134,-10.159658204651171,4.139198029883719,0.20638714430232588,-11.654011473139533,-9.45765503372093,-8.699293559302326,-11.222007381046511,-4.377664974418607,7.642979914534884,14.126414384767436,19.67609325590465,24.34296419767442
-298.09306697674424,196.29336802325582,-29.462483563953498,-4.364832049302326,19.266829948837213,-9.422365493488373,6.115732079418608,4.832055529197675,-8.918576553139538,3.9904527206162785,7.767061027534888,-5.1233965722953485,-12.899434275581394,-13.074848533720932,-12.976666615116274,-13.255064735465117,-10.396288136569769,-6.046096694883722,4.513879701569764,18.69909233744186
-371.0354790697674,179.39141546511627,17.219522955813957,-5.920431237558139,24.27546147674418,10.680989253488375,-7.565478756627911,-11.217495915116281,-13.611733391860465,-6.473482154651165,-4.553540257558139,-17.43233315651162,-17.170781877906975,-5.117993416627906,-6.245745156744187,-11.64619506547674,-9.217905635465115,-7.808532348255812,-5.558454651348836,-0.07821555360465086
-322.4901415116279,165.71399872093022,-26.47441443662791,18.085600980813954,27.403798147674433,4.619793576744184,4.540450109651163,-16.541268577906976,-9.080933645697673,2.9744379816279065,-6.5102000628720935,-9.849352743139532,-10.873064152325584,-6.023251086976743,-4.610257126662791,-7.940766456976743,-3.258575651511628,0.13361909267441863,7.0156748041860455,16.47920117
-306.05891267441865,184.58117546511625,-28.807619998837207,11.18464738023256,28.383261305465115,-13.685311220465112,-7.032590761232558,-9.219944470941858,-14.74356750802326,0.3488949023255814,-2.564933525232561,-16.031498124418604,-13.299284880616282,-5.410400021046512,-9.68661192568605,-14.35087550116279,-9.352417573255815,-9.040817809767441,-6.670529669302325,7.4493997595348835
-306.35390709302317,197.31969697674424,-20.721606270930234,1.5080746361627886,32.20771900581395,-1.6925536125581404,1.3936581541279076,-0.36823887863604643,-14.316647602790699,-1.348768516290698,2.0046218233255804,-15.562882854651164,-19.231628950000005,-9.762311735616281,-7.843491180348838,-10.182763829069767,-8.183669899418605,-8.846120658720931,-8.928437654999998,-0.601373608569767
-332.1298229069766,192.81982779069764,-2.1623419230232526,2.533565920325582,36.98345755232558,6.096911985651162,-3.0288228707558136,2.9387541348837214,-5.803141846046512,-3.0366343404651164,0.09148370267441888,-7.466821497720935,-6.9839103310930275,-4.326683721244187,-7.096636139511632,-6.602129271279068,-4.854226371744187,-8.479014542674417,-8.50252654919186,-2.338736338139532
-331.63372232558146,176.09164197674417,-5.417436901860465,16.710873282383716,23.02288297569768,7.370866294186045,11.622577720581395,-8.593237752325582,-9.581214113023254,0.162011911662791,-7.949587854651162,-11.797063489034885,-9.70100409,-7.259869744186046,-9.187977271162794,-7.832852757372089,-2.3763654453953493,-7.225680275348839,-7.208666216976743,-2.695237295116279
-323.7360512790698,180.2374177906977,-22.843361477906978,7.140466501744187,37.35583790697674,1.8707008096511624,0.28037304052325795,-2.8601585123255835,-10.57582888647674,-1.7329977716279075,-7.961330192674419,-17.34922351860465,-13.663620406627908,-13.816617015116273,-13.739103020697664,-4.974522299302328,5.619831043604652,12.110572652441864,15.914538221511629,15.97268368730233
-302.8802697674418,189.50473930232556,-30.10789495116278,1.3155231474418576,23.390539899999997,-5.42150748244186,7.0761918755814,-1.7157810812441865,-14.65185277151163,1.7948234831744165,2.932472293720931,-10.723410350697673,-12.988400451162793,-7.982266540697668,-7.96560149162791,-11.513738279186043,-12.018079299418604,-11.489800013372093,-4.5726480884883705,10.360813995116285
-338.34233174418614,186.6142475581396,-6.638340110465118,-2.388873279069769,31.421347219767434,-2.4870746593023307,-12.356072722325576,-3.5299131342441847,-10.184800609999998,-7.252525729434886,-5.28064085395349,-15.031504465581394,-15.298191518604654,-11.260615369767443,-13.508969930930233,-12.828535408372096,-9.503181371976746,-10.280978065930226,-8.46881270039535,0.01261893436046445
-329.93512325581395,181.79177767441854,-17.11670804883721,5.877148911046512,39.894574523255805,4.4381902394186055,-1.491769048604651,-3.9533559437209296,-12.489791186279067,1.1593439713953508,-0.1604834527325616,-15.546974685581397,-10.325830122325579,-1.289811836162791,-5.855167636627908,-10.491888585930232,-7.926167750906976,-3.330027849651164,1.4167259010697675,7.0888866517906965
-308.694679767442,166.94870720930237,-44.635240360465104,10.554906785302316,22.925664684069766,-14.81111384453489,-9.578267349709302,-18.192958669186044,-14.020549383360471,-4.398741361395348,-12.645660985697672,-16.958616516976747,-17.066373530232553,-10.457971146162796,-11.651347257325579,-18.326581548837215,-9.814031845813952,-6.3472839395,-6.609077719418606,6.2911514801860475
-304.99029069767437,192.07112720930232,-23.509020616279063,10.117457651162791,35.10648587209302,-2.929091359813954,2.311575233372093,-4.1547393956895355,-17.290579973372097,0.0005510404651163318,2.9395387017441865,-10.599847974069775,-10.907694040930233,-7.012317272093023,-10.097755179465116,-11.240651166279072,-7.04364380988372,-7.411223731627907,-7.838472899034882,-0.2524829239767438
-349.5629355813954,182.14593593023247,-2.1194613677906973,-3.8042455045116292,32.413794802325576,3.802132956860465,-10.554209818139533,-4.561565877674417,-11.130059186046518,-9.77250110577907,-5.672361868372095,-12.257529927093021,-13.337795673255814,-9.966836650639532,-11.1963503927907,-11.4467709727907,-10.82040743872093,-11.580952334883726,-8.739718704767444,-4.787681034302327
-343.1598059302325,177.15299999999993,-2.961962296511627,10.820124674999999,35.13464590697674,11.801430884883716,6.158129702499999,-0.5612560058139529,-6.837512415000001,0.6096706100000002,2.505879703488372,-3.755288599069767,-4.1787105642906965,-2.261477961860465,-3.925232888686048,-1.9284376668023255,1.9857014834883726,4.300095276627905,7.957471515337209,9.520254171732557
-320.05168720930226,159.32457858139534,-37.81056832558136,18.709087215465114,22.440255583023262,-11.60266541604652,1.401202878255814,-15.783799504302317,-17.333114750000007,-3.888096778288372,-15.359429474767444,-18.071062190162788,-12.437267151976743,-7.57578811988372,-0.19696696511627762,6.021651311860466,13.353903515930233,19.03918399413953,19.5053965666279,7.036245578093022
-314.06974046511607,183.35736453488371,-24.33670074372093,13.645074345395349,39.64652568604653,2.3544339913953483,5.0595518813953495,-3.9515737521744163,-13.088414676744188,5.362846771395349,3.9027131743023262,-8.160421813488371,-6.183407916511628,-3.9256341802325587,-2.7280748886046506,0.7810474553488361,2.971757261627907,5.908290344104651,11.218641737813957,13.775422695581392
-330.08943581395357,176.6265495348837,-31.653203402674418,-13.004175048488378,20.327222419767434,-15.069295549534893,-12.816832920581398,-7.566448760697672,-22.586603088255814,-12.55442454174419,-3.3378268891860476,-13.104358052674428,-14.997804397674416,-12.849575599069771,-17.00107012325582,-18.30475230232558,-15.80790967674419,-16.02249462209302,-13.900244052325585,-1.6742955608720933
-334.66606244186056,190.8643255813954,1.8582790190697644,11.336621702790698,41.37966155813953,6.970600169767441,0.3877008163953483,4.895407920581395,-5.084610234883721,0.11644317532558081,3.229815167523255,-6.244764957523256,-6.997455397906976,-3.120160431976745,-1.8939704896395353,-0.6585257410465115,-3.1276950481395347,-4.573826036860464,0.9936160163953491,6.0654336913953495
-345.430874883721,160.9184164069768,-29.01766334883721,-5.712312635418605,21.527746832906978,-5.462176802209302,-13.972176526744187,-21.995539082558146,-19.54351337033722,-10.033884955813953,-16.497544468604648,-20.556722286046508,-15.387093893837209,-11.259664877674417,-12.9182304044186,-16.161938326976745,-13.167267383720931,-6.133204565930233,2.4664244505813953,9.283155824825583
-344.27912255813953,181.14182674418615,-2.9884652388372106,7.859366133720932,38.51185467441859,3.0648715608139545,-3.7374000234883704,3.4735221558139515,-3.53588039872093,4.717158520827908,6.659302775232561,-8.435588457790695,-9.260200260697674,-3.729259960930232,-8.394596310116277,-10.099570621976746,-5.47872067488372,-2.5071936072,0.5487486410116271,4.768915036744187
-403.5802919767442,155.98663339534875,17.052238894186054,-16.052018777906973,8.515595290837211,5.076592980267444,-8.787004331395348,-10.514991066627909,-12.45549556348837,-12.222202884883718,-8.441625984069764,-11.2111056677907,-15.223304717441861,-13.845966936046509,-12.706036089534887,-11.75025451151163,-10.310427865348835,-13.130142037209302,-14.406346912790697,-8.936744484767445
-445.13173488372087,131.4804719069767,37.062444834883735,3.210898834883721,20.654931377906987,26.780891860465122,11.646482120930232,1.2658116905581396,1.5132114505813954,2.943612202906976,2.108301813418606,-0.18467890621511612,-2.4657589500581394,-2.9913991395348845,-2.914313466034883,-4.019164979930232,-4.251628091476744,-1.4667489673953484,1.4696583250000004,0.34074143597674394
-443.97899255813934,121.35662394186046,21.092652731395347,-0.9778072089999998,13.414372273488365,9.450996898372091,-2.4656984813953486,-10.924787359302325,-12.286381068953489,-8.101966496732558,-11.040635089186043,-17.182997660418604,-15.502273294186045,-12.751012724418608,-12.56862332697675,-9.729679199302323,-7.228359603837211,-7.00259357872093,-4.419292452232557,-1.9318921647906968
-443.0412222093024,129.27056759302323,28.188980426744184,-4.348776284069768,17.14832538837209,23.1951341616279,5.184407951465118,-6.474578976976745,-3.5751363177616273,0.7148117630232561,-2.5280503211511642,-8.453016284965118,-8.854960755813948,-6.240556815197674,-6.3389179172093,-5.022492800581392,2.4305785612619304,11.899060110465115,18.422774415116272,19.37738614860466
-494.84457744186057,82.90973280465116,22.0354897866279,-6.414550816860466,1.4816748115523248,11.637746895930231,7.482845756395345,-1.5991135930232567,-3.0179035706976753,3.8013219270930234,8.181488576976745,3.246873094767442,-4.460739490569767,-7.117264329267443,-6.827865752302327,-7.777958604593022,-8.608261833837206,-6.056626619136043,1.4573111430232557,12.275070163023257
